OPR_DATE,HOUR_ENDING,time_of_day,season,agg_hour,NG_COL_CAL,NG_NG_CAL,NG_NUC_CAL,NG_OIL_CAL,NG_WAT_CAL,NG_SUN_CAL,NG_WND_CAL,NG_OTH_CAL,LOADING_MW_ACTUAL_CAISO,LOADING_MW_ACTUAL_PGE,LOADING_MW_ACTUAL_SCE,LOADING_MW_ACTUAL_SDGE,LOADING_MW_FORECAST_CAISO,LOADING_MW_FORECAST_PGE,LOADING_MW_FORECAST_SCE,LOADING_MW_FORECAST_SDGE,GAS_PRICE_PGE,GAS_PRICE_SCE,DA_LMP_PGE_NP15
1/1/2023,1,night,winter,1,876,9937,2244,86,2185,-36,2175,1032,21193,9750,9136,2038,21086.47,9425.6,9296.46,2087.00,16.85,19.55,
1/1/2023,2,night,winter,2,944,8437,2244,86,2261,-36,3342,768,20695,9670,8786,1969,20258.47,9048.28,8940.8,1992.00,16.85,19.55,
1/1/2023,3,night,winter,3,968,7899,2244,86,2142,-35,3797,607,20216,9503,8543,1899,19574.4,8776.95,8619.08,1900.00,16.85,19.55,
1/1/2023,4,night,winter,4,956,7070,2246,86,2505,-35,4058,594,19928,9387,8382,1886,19167.52,8593.52,8448.58,1846.00,16.85,19.55,
1/1/2023,5,night,winter,5,942,6804,2246,87,2573,-35,3900,625,20040,9469,8443,1853,19043.39,8566.22,8359.2,1836.00,16.85,19.55,
1/1/2023,6,night,winter,6,940,7521,2245,87,2515,-35,3436,449,20353,9616,8623,1838,19304.5,8827.36,8353.59,1838.00,16.85,19.55,
1/1/2023,7,morning,winter,7,947,7829,2245,86,2576,-34,3424,649,20642,9747,8736,1880,19930.78,9345.45,8402.09,1893.00,16.85,19.55,
1/1/2023,8,morning,winter,8,1011,7633,2245,86,2640,-34,3417,1169,20533,9642,8697,1915,20125.36,9523.02,8387.81,1920.00,16.85,19.55,
1/1/2023,9,morning,winter,9,1032,7469,2243,86,2823,620,3303,1270,20066,9234,8634,1919,19718.22,9204.01,8310.22,1913.00,16.85,19.55,
1/1/2023,10,day,winter,10,964,5625,2243,86,2721,4152,3226,664,19613,8643,8762,1930,18931.46,8599.75,8129.68,1918.00,16.85,19.55,
1/1/2023,11,day,winter,11,843,5141,2243,85,2513,6486,3237,80,19464,8161,9113,1910,18178.25,8124.76,7894.18,1883.00,16.85,19.55,
1/1/2023,12,day,winter,12,700,5595,2245,86,2458,7688,3276,-497,19441,8076,9197,1883,17697.86,7764.69,7844.82,1814.00,16.85,19.55,
1/1/2023,13,day,winter,13,618,6039,2245,86,2493,7628,3477,-821,19448,8061,9140,1962,17664.05,7702.41,7845.83,1841.00,16.85,19.55,
1/1/2023,14,day,winter,14,709,6061,2247,86,2556,6925,3812,-864,19680,8273,9055,2069,17920.22,7783.13,7974.1,1893.00,16.85,19.55,
1/1/2023,15,day,winter,15,782,5956,2249,86,2507,6571,4484,-586,19924,8383,9108,2155,18783.6,8244.48,8265.18,2006.00,16.85,19.55,
1/1/2023,16,day,winter,16,864,5601,2249,86,2855,5560,4404,-150,21044,9080,9400,2296,20387.89,9150.15,8827.74,2139.00,16.85,19.55,
1/1/2023,17,day,winter,17,985,6717,2250,86,3011,3752,4175,347,22896,10273,9958,2386,22384.81,10325.31,9488.46,2293.00,16.85,19.55,
1/1/2023,18,dusk,winter,18,1064,8591,2251,86,3692,578,3837,1626,24858,11212,10781,2550,24772.18,11401.09,10545.45,2536.00,16.85,19.55,
1/1/2023,19,dusk,winter,19,1190,10119,2252,87,4113,-13,3901,2517,25145,11409,10888,2546,24967.35,11475.77,10663.09,2535.00,16.85,19.55,
1/1/2023,20,dusk,winter,20,1215,10631,2251,87,4117,-13,4053,2042,25004,11355,10863,2487,24561,11296.58,10503.37,2467.00,16.85,19.55,
1/1/2023,21,night,winter,21,1216,10574,2251,87,4037,-14,4044,1659,24558,11115,10731,2415,24104.13,11106,10316.43,2388.00,16.85,19.55,
1/1/2023,22,night,winter,22,1217,10267,2252,86,3978,-15,3579,1612,24047,10876,10561,2319,23712.87,10887.47,10219.09,2316.00,16.85,19.55,
1/1/2023,23,night,winter,23,1225,9896,2253,88,3817,-17,3231,1477,22933,10415,10057,2171,22679.95,10372.84,9832.68,2185.00,16.85,19.55,
1/1/2023,24,night,winter,24,1222,9732,2251,88,3579,-18,3003,1268,21805,9891,9574,2050,21546.03,9774.19,9429.82,2054.00,16.85,19.55,
1/2/2023,1,night,winter,25,1220,9213,2252,88,3275,-18,2706,938,21338,9844,9218,1986,20933.13,9326.34,9306.86,2012.00,16.85,19.55,
1/2/2023,2,night,winter,26,1215,10252,2252,88,2515,-19,2093,1227,20680,9576,8917,1897,20257.03,9019.33,9021.13,1928.00,16.85,19.55,
1/2/2023,3,night,winter,27,1217,9868,2253,88,2502,-19,1729,1157,20326,9427,8767,1840,19707.01,8786.28,8764.66,1865.00,16.85,19.55,
1/2/2023,4,night,winter,28,1218,9721,2253,88,2430,-19,1528,1169,20369,9494,8771,1814,19455.7,8687.96,8646.5,1827.00,16.85,19.55,
1/2/2023,5,night,winter,29,1218,9982,2253,88,2468,-16,1630,826,20717,9632,8932,1866,19490.03,8733.13,8632.65,1824.00,16.85,19.55,
1/2/2023,6,night,winter,30,1219,10132,2254,88,2525,4,1580,855,21726,10133,9339,1957,19892.15,8967.5,8749.77,1868.00,16.85,19.55,
1/2/2023,7,morning,winter,31,1220,11809,2254,88,2647,4,1435,755,22801,10651,9829,2021,20573.72,9381.09,8936.47,1944.00,16.85,19.55,
1/2/2023,8,morning,winter,32,1217,12718,2254,87,2713,13,1231,848,23142,10982,9864,2002,20767.59,9699.26,8835.88,1920.00,16.85,19.55,
1/2/2023,9,morning,winter,33,1128,13089,2254,87,2478,1268,1127,805,23218,11216,9813,1901,20639.31,9899.83,8611.49,1823.00,16.85,19.55,
1/2/2023,10,day,winter,34,979,10825,2254,88,2275,5647,1112,693,23604,11625,9872,1827,20442.04,10019.9,8391.02,1737.00,16.85,19.55,
1/2/2023,11,day,winter,35,833,9331,2252,88,2087,8146,1265,197,23876,12006,9808,1791,20378.21,10127.37,8270.43,1694.00,16.85,19.55,
1/2/2023,12,day,winter,36,683,9136,2251,87,2053,7987,1309,560,24539,12270,10118,1881,20478.65,10196.57,8329.71,1673.00,16.85,19.55,
1/2/2023,13,day,winter,37,622,10105,2251,87,1798,8063,1550,-139,24816,12433,10234,1882,20656.31,10261.58,8421.26,1701.00,16.85,19.55,
1/2/2023,14,day,winter,38,740,10009,2250,87,1812,6952,1703,394,25538,12526,10632,2114,20676.79,10172.75,8451.83,1785.00,16.85,19.55,
1/2/2023,15,day,winter,39,891,9945,2247,88,1787,5754,1985,794,26065,12652,10882,2261,21148.6,10285.88,8670.02,1929.00,16.85,19.55,
1/2/2023,16,day,winter,40,1014,12146,2248,87,1967,3816,2206,611,26383,12739,10931,2432,22030.21,10605.91,9123.02,2033.00,16.85,19.55,
1/2/2023,17,day,winter,41,1135,14584,2250,88,2499,1512,2486,781,27584,13093,11518,2686,23452.85,11104.29,9777.02,2294.00,16.85,19.55,
1/2/2023,18,dusk,winter,42,1209,16718,2251,88,3551,89,2270,441,28531,13367,12035,2838,25089.44,11737.59,10500.16,2564.00,16.85,19.55,
1/2/2023,19,dusk,winter,43,1219,16701,2250,87,4141,-18,2519,1323,28247,13119,12173,2662,25375.11,11820.65,10689.02,2575.00,16.85,19.55,
1/2/2023,20,dusk,winter,44,1220,16323,2253,88,3960,-17,2354,1429,27534,12627,12016,2602,24890.94,11560.42,10520.36,2518.00,16.85,19.55,
1/2/2023,21,night,winter,45,1223,15534,2253,86,3820,-17,2823,973,26687,12210,11698,2495,24220.24,11222.01,10271.37,2434.00,16.85,19.55,
1/2/2023,22,night,winter,46,1223,14334,2253,87,3912,-17,3043,873,25708,11744,11310,2367,23617.85,10840.93,10149.14,2337.00,16.85,19.55,
1/2/2023,23,night,winter,47,1224,14074,2251,88,3475,-17,3011,709,24261,11182,10565,2231,22540.08,10182.38,9882.87,2186.00,16.85,19.55,
1/2/2023,24,night,winter,48,1225,13634,2252,88,2598,-17,2722,610,23056,10691,9963,2120,21231.77,9472.48,9429.85,2043.00,16.85,19.55,
1/3/2023,1,night,winter,49,1228,13510,2252,88,2003,-17,2362,647,22307,10384,9522,2121,20507.07,8945.57,9284.9,1994.69,16.49,19.53,
1/3/2023,2,night,winter,50,1205,13346,2252,88,1903,-18,2488,455,21904,10277,9291,2057,19899.46,8692.4,9001.15,1924.60,16.49,19.53,
1/3/2023,3,night,winter,51,1081,13504,2251,88,1819,-17,2467,68,21788,10181,9264,2064,19520.88,8548.16,8814.77,1874.73,16.49,19.53,
1/3/2023,4,night,winter,52,1041,13740,2252,88,1786,-17,2484,-282,21641,10175,9197,1992,19470.73,8539.24,8795.2,1851.31,16.49,19.53,
1/3/2023,5,night,winter,53,1039,13834,2253,88,1803,-18,2316,-201,21946,10293,9350,2020,19972.31,8794.21,9008.8,1890.45,16.49,19.53,
1/3/2023,6,night,winter,54,1010,13495,2252,88,1801,-19,2168,352,23374,10958,10023,2109,21179.28,9330.91,9543.37,2010.97,16.49,19.53,
1/3/2023,7,morning,winter,55,1136,13888,2252,88,1958,-18,2224,558,25157,11671,10939,2261,23032.7,10060.42,10419.58,2251.05,16.49,19.53,
1/3/2023,8,morning,winter,56,1216,14343,2253,88,2415,-6,2034,1591,26452,12199,11518,2446,24426.26,10814.11,10899.47,2401.55,16.49,19.53,
1/3/2023,9,morning,winter,57,1218,14392,2253,88,2483,1849,1756,1477,27236,12052,12209,2680,24384.8,10626.9,11010.85,2444.97,16.49,19.53,
1/3/2023,10,day,winter,58,1219,13362,2251,88,2531,7270,1532,-181,27155,11796,12358,2712,23736.38,10143.53,10877.23,2424.47,16.49,19.53,
1/3/2023,11,day,winter,59,1216,13146,2250,88,2351,9362,1505,-681,27009,11533,12546,2650,22932.02,9651.71,10620.42,2379.56,16.49,19.53,
1/3/2023,12,day,winter,60,1215,13084,2250,86,2226,9951,1394,-1057,26613,11360,12530,2447,22444.38,9387.84,10437.41,2347.29,16.49,19.53,
1/3/2023,13,day,winter,61,1155,12509,2249,84,2077,9765,1093,-868,26642,11415,12483,2474,22307.87,9356.91,10360.8,2322.34,16.49,19.53,
1/3/2023,14,day,winter,62,1105,12659,2247,86,2123,9759,1101,-678,26488,11573,12125,2522,22309.81,9370.3,10347.13,2327.42,16.49,19.53,
1/3/2023,15,day,winter,63,1065,12293,2246,85,2298,8666,1161,-165,26363,11745,11792,2562,22469.2,9479.91,10386.69,2339.09,16.49,19.53,
1/3/2023,16,day,winter,64,1178,12277,2247,85,2542,6462,1304,672,26880,12110,11838,2665,23027.17,9891.73,10458.49,2411.72,16.49,19.53,
1/3/2023,17,day,winter,65,1217,14048,2247,85,2984,2371,1126,1559,27924,12661,12232,2761,24380.95,10670.08,10861.75,2578.00,16.49,19.53,
1/3/2023,18,dusk,winter,66,1214,15912,2246,86,3624,239,958,2136,29039,13283,12651,2819,26243.86,11600.66,11568.44,2794.27,16.49,19.53,
1/3/2023,19,dusk,winter,67,1214,16527,2247,81,4320,-33,820,2737,28658,13166,12434,2768,26467.21,11724.65,11671.92,2785.31,16.49,19.53,
1/3/2023,20,dusk,winter,68,1220,16295,2249,83,4179,-31,845,2569,28139,12917,12250,2683,25964.57,11520.86,11471.74,2685.40,16.49,19.53,
1/3/2023,21,night,winter,69,1219,16066,2251,84,3868,-33,809,2110,27384,12539,11986,2573,25126.02,11096.21,11193.79,2549.86,16.49,19.53,
1/3/2023,22,night,winter,70,1209,15042,2249,83,3929,-34,842,2055,26306,12007,11587,2429,24292.34,10636.35,10980.14,2395.33,16.49,19.53,
1/3/2023,23,night,winter,71,1215,14792,2249,83,3473,-34,1058,1729,24827,11314,10977,2256,22927.77,9914.16,10521.07,2211.56,16.49,19.53,
1/3/2023,24,night,winter,72,1224,14608,2249,82,3021,-34,1012,1112,23738,10943,10379,2142,21585.47,9270.62,9985.85,2046.93,16.49,19.53,
1/4/2023,1,night,winter,73,1190,14272,2251,82,2189,-34,1078,527,23093,10931,9818,2082,21337.91,9684.04,9411.17,1962.51,24.82,27.41,
1/4/2023,2,night,winter,74,1086,13727,2249,85,1984,-34,1082,307,22544,10774,9484,2020,20582.4,9320.87,9089.08,1891.95,24.82,27.41,
1/4/2023,3,night,winter,75,987,13366,2246,85,1955,-34,1270,-126,22081,10567,9264,1980,20204.15,9174.2,8909.53,1838.19,24.82,27.41,
1/4/2023,4,night,winter,76,957,13106,2249,84,1906,-34,1377,-316,21890,10421,9240,1965,20135.47,9171.69,8868.81,1814.91,24.82,27.41,
1/4/2023,5,night,winter,77,909,12948,2252,85,1964,-34,1146,-190,22237,10438,9514,2015,20670.38,9444.56,9086.26,1850.26,24.82,27.41,
1/4/2023,6,night,winter,78,971,13135,2251,85,2025,-35,995,43,23017,10644,10014,2075,21916.4,10002.62,9662.81,1957.35,24.82,27.41,
1/4/2023,7,morning,winter,79,1095,13194,2250,85,2782,-35,883,490,24593,11362,10713,2228,24162.23,11107.43,10579.4,2175.53,24.82,27.41,
1/4/2023,8,morning,winter,80,1136,13670,2249,85,3299,-30,749,905,25750,11895,11212,2364,25774.46,11960.22,11211,2305.95,24.82,27.41,
1/4/2023,9,morning,winter,81,1212,13657,2250,85,3194,374,918,1204,26435,11992,11699,2464,26169.8,12054.68,11532.78,2292.24,24.82,27.41,
1/4/2023,10,day,winter,82,1226,14124,2251,85,3188,1806,1333,243,26439,11838,11892,2438,26301.59,12117.54,11667.99,2233.99,24.82,27.41,
1/4/2023,11,day,winter,83,1223,12968,2249,85,2926,3769,1386,-23,26593,11879,12033,2408,26117.46,12002.06,11712.69,2131.62,24.82,27.41,
1/4/2023,12,day,winter,84,1221,12750,2247,85,2839,5294,1493,-536,26421,11915,12078,2158,25824.35,11839.03,11657.33,2057.96,24.82,27.41,
1/4/2023,13,day,winter,85,1219,12603,2249,85,2640,5465,1569,-559,26239,11895,12104,1977,25712.16,11748.71,11646.86,2050.13,24.82,27.41,
1/4/2023,14,day,winter,86,1220,13062,2248,85,2282,4881,1552,-235,26064,11777,12097,1924,25692.01,11705.76,11669.72,2056.49,24.82,27.41,
1/4/2023,15,day,winter,87,1220,12791,2245,85,2438,5162,1590,-372,25801,11634,11786,2118,25623.82,11554.46,11691.96,2117.87,24.82,27.41,
1/4/2023,16,day,winter,88,1220,12391,2245,86,2503,4555,1701,-408,26007,11882,11499,2364,25771.13,11582.23,11671.7,2255.24,24.82,27.41,
1/4/2023,17,day,winter,89,1218,12381,2246,82,3053,3099,1872,377,27005,12335,11878,2522,26805.54,12275.43,11783.83,2478.89,24.82,27.41,
1/4/2023,18,dusk,winter,90,1209,13015,2246,82,3860,449,1946,1434,28124,12870,12300,2686,28326.38,13053.94,12270.18,2727.72,24.82,27.41,
1/4/2023,19,dusk,winter,91,1212,14018,2246,80,4004,-25,1738,2214,27842,12654,12265,2660,28353.94,13045.97,12298.35,2729.41,24.82,27.41,
1/4/2023,20,dusk,winter,92,1215,14091,2245,79,3683,-26,1171,2481,27060,12068,12149,2577,27558.73,12642.4,12012.38,2624.77,24.82,27.41,
1/4/2023,21,night,winter,93,1217,13929,2245,82,3188,-29,1636,2073,26303,11647,11899,2496,26600.93,12164.36,11669.6,2495.40,24.82,27.41,
1/4/2023,22,night,winter,94,1221,13833,2245,83,2853,-30,1792,1175,25228,11099,11500,2377,25661.49,11650.53,11370.41,2358.71,24.82,27.41,
1/4/2023,23,night,winter,95,1227,13539,2246,84,2767,-30,1742,795,23960,10585,10904,2220,24100.16,10849.03,10791.9,2180.87,24.82,27.41,
1/4/2023,24,night,winter,96,1226,12857,2246,85,2499,-31,2191,478,23283,10657,10249,2129,22552.8,10120.01,10128.88,2026.10,24.82,27.41,
1/5/2023,1,night,winter,97,1172,12421,2244,81,2105,-30,2119,234,22560,10240,9869,2208,21924.74,9816.82,9856.48,1987.34,20.23,21.24,
1/5/2023,2,night,winter,98,1003,12970,2075,48,2035,-31,2252,93,22111,10132,9577,2163,21146.71,9499.54,9463.03,1918.50,20.23,21.24,
1/5/2023,3,night,winter,99,897,13009,1756,47,2044,-30,2140,-407,21563,9827,9364,2135,20670.74,9307.95,9233.58,1856.92,20.23,21.24,
1/5/2023,4,night,winter,100,895,13424,1432,42,1966,-31,1569,-518,21035,9436,9235,2134,20533.41,9279.11,9155.93,1833.26,20.23,21.24,
1/5/2023,5,night,winter,101,832,12836,1106,44,2044,-31,1657,-136,21118,9586,9381,1925,20986.52,9501.43,9344.36,1870.88,20.23,21.24,
1/5/2023,6,night,winter,102,863,13429,791,51,1978,-32,1792,291,22192,10057,9918,1997,22317.47,10113.89,9939.91,1977.75,20.23,21.24,
1/5/2023,7,morning,winter,103,911,14409,472,78,2144,-33,1444,921,24013,10907,10691,2188,24568.84,11167.92,10904.77,2197.92,20.23,21.24,
1/5/2023,8,morning,winter,104,876,15365,309,84,2833,-30,1584,1616,25299,11439,11299,2340,26124.63,11982.58,11486.65,2362.27,20.23,21.24,
1/5/2023,9,morning,winter,105,917,15671,300,84,2852,642,1640,1110,26105,11652,11814,2426,26697.54,12121.96,11836.88,2442.84,20.23,21.24,
1/5/2023,10,day,winter,106,875,15633,298,84,2727,2221,1237,868,26705,11737,12302,2449,26807.52,12112.69,11923.63,2488.10,20.23,21.24,
1/5/2023,11,day,winter,107,905,15963,293,83,2372,3512,1263,775,27344,11892,12730,2501,26751.98,12079.28,11897.46,2501.46,20.23,21.24,
1/5/2023,12,day,winter,108,843,16313,291,84,2221,5454,1257,-26,27279,12086,12423,2554,26637.22,12009.22,11875.92,2481.07,20.23,21.24,
1/5/2023,13,day,winter,109,807,15999,290,84,2050,6432,1414,-111,27161,12321,12069,2546,26593.04,12027.09,11814.02,2489.01,20.23,21.24,
1/5/2023,14,day,winter,110,783,16660,287,82,1979,5415,2245,-381,26262,11975,11614,2449,26655.57,12057.64,11844.09,2489.32,20.23,21.24,
1/5/2023,15,day,winter,111,660,15802,286,79,2084,5851,2405,-302,25571,11676,11222,2451,26697.47,12082.75,11870.17,2486.98,20.23,21.24,
1/5/2023,16,day,winter,112,603,15326,302,80,2171,5372,2458,155,25424,11524,11199,2478,26897.9,12232.76,11858.38,2549.71,20.23,21.24,
1/5/2023,17,day,winter,113,719,14666,501,81,2919,3650,2581,515,26285,11935,11541,2580,27567.58,12529.53,12099.92,2683.55,20.23,21.24,
1/5/2023,18,dusk,winter,114,723,14736,789,83,3469,743,2681,1311,27665,12561,12131,2743,29320.82,13311.93,12858.48,2874.67,20.23,21.24,
1/5/2023,19,dusk,winter,115,652,15003,838,81,4023,-28,3522,1731,27718,12574,12200,2714,29181.7,13278.61,12796.67,2822.38,20.23,21.24,
1/5/2023,20,dusk,winter,116,655,15012,836,78,3999,-35,3704,1562,27155,12287,12008,2632,28368,12911.08,12476.88,2694.33,20.23,21.24,
1/5/2023,21,night,winter,117,642,14707,837,78,3913,-36,3605,1400,26460,11943,11766,2524,27427.87,12486.05,12095.82,2562.21,20.23,21.24,
1/5/2023,22,night,winter,118,669,14917,837,81,3611,-36,3444,1099,25516,11490,11422,2382,26410.95,11976.83,11730.31,2423.06,20.23,21.24,
1/5/2023,23,night,winter,119,817,14742,873,81,3624,-35,3619,966,24126,10790,10907,2210,24860.99,11199.58,11146.6,2235.18,20.23,21.24,
1/5/2023,24,night,winter,120,782,13589,910,79,3508,-35,3577,539,22873,10230,10334,2090,23301.56,10436.95,10508.65,2079.30,20.23,21.24,
1/6/2023,1,night,winter,121,657,11983,895,81,3439,-36,3376,544,22306,10122,9878,2087,21757.11,9700.81,9825.18,1978.56,18.21,19.68,
1/6/2023,2,night,winter,122,508,13095,881,84,2676,-36,2984,329,21889,10247,9401,2021,20991.46,9364.1,9470.68,1909.72,18.21,19.68,
1/6/2023,3,night,winter,123,408,13097,864,83,2412,-36,2638,330,21814,10350,9261,1982,20526.73,9172.97,9254,1852.79,18.21,19.68,
1/6/2023,4,night,winter,124,463,13718,854,83,2168,-36,2382,79,21661,10269,9206,1961,20411.05,9132.42,9214.18,1823.02,18.21,19.68,
1/6/2023,5,night,winter,125,473,13665,854,83,2129,-36,1981,353,21993,10123,9620,2023,20722.19,9325.66,9291.38,1862.94,18.21,19.68,
1/6/2023,6,night,winter,126,476,13457,854,82,2205,-36,1652,1030,23211,10472,10346,2155,22067.17,9986.96,9857.9,1989.34,18.21,19.68,
1/6/2023,7,morning,winter,127,477,13762,855,82,2641,-37,1474,1898,24709,11021,11075,2362,24446.61,11147.04,10826.78,2215.10,18.21,19.68,
1/6/2023,8,morning,winter,128,570,13268,856,82,3470,-28,1661,2312,25747,11534,11519,2448,25813.75,11959.68,11313.21,2253.78,18.21,19.68,
1/6/2023,9,morning,winter,129,693,13359,858,82,3444,1215,1597,2217,25583,11261,11815,2275,25182.25,11724.41,11108.24,2066.11,18.21,19.68,
1/6/2023,10,day,winter,130,600,12215,855,82,2993,6428,961,885,24790,10905,11547,2116,23985.01,11256,10663.07,1803.56,18.21,19.68,
1/6/2023,11,day,winter,131,460,10387,855,82,2868,9596,734,-35,23879,10595,11194,1878,22895.74,10793.74,10232.07,1607.74,18.21,19.68,
1/6/2023,12,day,winter,132,399,9922,852,82,2825,10083,776,-290,23362,10468,11017,1674,22185.64,10436.46,9985.04,1505.44,18.21,19.68,
1/6/2023,13,day,winter,133,423,10405,853,81,2720,9966,765,-1051,22863,10463,10650,1559,21898.91,10298.47,9878.14,1470.82,18.21,19.68,
1/6/2023,14,day,winter,134,403,10091,852,82,2512,10366,609,-861,23102,10797,10557,1563,22029.19,10367.88,9874.78,1535.77,18.21,19.68,
1/6/2023,15,day,winter,135,398,10104,852,82,2114,10575,652,-368,23565,10921,10617,1839,22463.23,10445.48,10074.92,1696.03,18.21,19.68,
1/6/2023,16,day,winter,136,400,10380,852,83,2493,10259,529,-140,24029,11036,10699,2097,23718.91,10996.36,10470.09,2004.44,18.21,19.68,
1/6/2023,17,day,winter,137,503,10836,889,82,3326,6358,674,1004,25650,11787,11261,2390,25622.67,11784.12,11211.69,2372.65,18.21,19.68,
1/6/2023,18,dusk,winter,138,566,13045,966,82,3974,945,683,2035,27208,12403,11968,2619,27708.63,12695.04,12107.09,2645.31,18.21,19.68,
1/6/2023,19,dusk,winter,139,577,14854,1104,83,4353,-36,713,2415,27040,12251,11962,2605,27660.31,12651.94,12117.73,2632.50,18.21,19.68,
1/6/2023,20,dusk,winter,140,541,14830,1256,83,4488,-48,811,2218,26596,11950,11854,2567,26962.15,12286.81,11873.17,2536.10,18.21,19.68,
1/6/2023,21,night,winter,141,531,14643,1400,83,4375,-48,841,1913,26098,11602,11737,2534,26168.62,11878.8,11595.66,2427.38,18.21,19.68,
1/6/2023,22,night,winter,142,426,14345,1486,83,4205,-51,837,1424,25312,11168,11497,2430,25346.22,11432.11,11313.46,2342.35,18.21,19.68,
1/6/2023,23,night,winter,143,395,13943,1504,82,3978,-51,787,1068,24081,10541,11049,2275,24197.91,10851.73,10884.14,2201.93,18.21,19.68,
1/6/2023,24,night,winter,144,456,14070,1501,82,3670,-52,884,747,22929,9995,10558,2157,22941.76,10225.95,10390.54,2064.98,18.21,19.68,
1/7/2023,1,night,winter,145,485,13508,1499,83,3342,-51,880,419,22087,9776,10002,2093,21480.88,9526.6,9713.95,2016.33,18.68,20.44,
1/7/2023,2,night,winter,146,568,12547,1497,83,2939,-51,850,519,21719,9809,9694,1993,20655.86,9149.69,9338.9,1942.80,18.68,20.44,
1/7/2023,3,night,winter,147,566,12756,1558,84,2560,-51,811,394,21132,9487,9477,1934,20116.09,8921.86,9088.54,1880.41,18.68,20.44,
1/7/2023,4,night,winter,148,536,12362,1584,80,2329,-51,807,390,20870,9327,9397,1910,19878.74,8821.1,8977.49,1849.77,18.68,20.44,
1/7/2023,5,night,winter,149,479,12227,1586,81,2484,-51,681,505,21090,9441,9478,1930,19970.44,8866.47,9012.83,1862.21,18.68,20.44,
1/7/2023,6,night,winter,150,478,12652,1584,81,2431,-51,805,462,21777,9785,9764,1984,20518.31,9157.53,9212.26,1914.14,18.68,20.44,
1/7/2023,7,morning,winter,151,468,12569,1586,81,2980,-51,847,492,22501,10117,10070,2060,21637.15,9756.08,9607.27,2024.17,18.68,20.44,
1/7/2023,8,morning,winter,152,468,12709,1584,80,3054,-34,907,555,22995,10456,10179,2107,22306.5,10240.77,9772.7,2045.55,18.68,20.44,
1/7/2023,9,morning,winter,153,428,11675,1599,84,3076,1656,878,535,23542,10782,10312,2197,22426.82,10532.42,9690.17,1977.29,18.68,20.44,
1/7/2023,10,day,winter,154,455,10937,1701,82,2905,5156,990,-83,23228,10852,10250,1886,22365.71,10706.39,9550.74,1888.15,18.68,20.44,
1/7/2023,11,day,winter,155,456,10462,1830,82,2605,6460,722,-149,22904,10946,10101,1632,22296.72,10816.19,9468.97,1792.27,18.68,20.44,
1/7/2023,12,day,winter,156,450,10851,1958,82,2524,7100,628,-566,22206,10645,9844,1495,22094.88,10796.14,9308.14,1786.31,18.68,20.44,
1/7/2023,13,day,winter,157,449,10484,2091,83,2123,7363,602,-639,22079,10845,9621,1395,22000.2,10814.39,9208.05,1771.87,18.68,20.44,
1/7/2023,14,day,winter,158,448,10723,2204,83,2204,7250,677,-964,22126,11023,9436,1456,21859.2,10759.18,9146.74,1749.41,18.68,20.44,
1/7/2023,15,day,winter,159,445,10347,2216,83,2204,6920,600,-330,22570,11045,9597,1717,21901.91,10677.74,9235.29,1788.73,18.68,20.44,
1/7/2023,16,day,winter,160,444,10563,2223,84,2286,5290,600,93,23299,11217,9808,2057,22356.6,10754.98,9466.25,1932.34,18.68,20.44,
1/7/2023,17,day,winter,161,455,11226,2233,84,3314,3494,726,527,24448,11599,10355,2275,23579.33,11122.55,10081.76,2165.63,18.68,20.44,
1/7/2023,18,dusk,winter,162,425,12457,2233,84,4202,418,728,1409,25780,11922,11166,2470,25718.18,11970.1,11074.85,2453.71,18.68,20.44,
1/7/2023,19,dusk,winter,163,457,13434,2230,83,4521,-54,786,1967,25624,11756,11166,2475,25915.07,11989.83,11198.33,2504.62,18.68,20.44,
1/7/2023,20,dusk,winter,164,451,12979,2212,82,4630,-49,1127,1911,25245,11527,11070,2423,25282.46,11630.71,10998.31,2428.89,18.68,20.44,
1/7/2023,21,night,winter,165,451,12829,2217,84,4419,-49,1329,1597,24760,11255,10921,2363,24560.96,11265.23,10739.88,2330.82,18.68,20.44,
1/7/2023,22,night,winter,166,452,13030,2223,84,4151,-49,1344,1023,24156,10963,10687,2279,23935.32,10907.18,10548.29,2255.90,18.68,20.44,
1/7/2023,23,night,winter,167,448,12716,2222,84,3643,-49,1388,923,23413,10693,10350,2149,22867.39,10337.5,10169.51,2138.29,18.68,20.44,
1/7/2023,24,night,winter,168,445,13089,2225,81,2793,-49,1419,807,22403,10237,9904,2044,21756.06,9786.71,9730.17,2018.69,18.68,20.44,
1/8/2023,1,night,winter,169,454,12128,2224,81,2578,-49,1469,561,21557,10061,9263,2014,20953.04,9306.91,9423.18,2017.00,18.68,20.44,
1/8/2023,2,night,winter,170,507,12267,2236,82,2265,-49,1521,642,20751,9484,9099,1951,20348.91,8996.67,9200.2,1942.00,18.68,20.44,
1/8/2023,3,night,winter,171,648,10480,2241,83,2346,-49,1579,573,20338,9388,8842,1887,19834.17,8783.62,8954.87,1874.00,18.68,20.44,
1/8/2023,4,night,winter,172,779,9731,2248,83,2428,-49,1524,420,19955,9215,8646,1876,19589.88,8687.55,8836.03,1842.00,18.68,20.44,
1/8/2023,5,night,winter,173,778,9400,2245,82,2473,-49,1459,382,19968,9126,8717,1898,19613.34,8698.81,8841.83,1844.00,18.68,20.44,
1/8/2023,6,night,winter,174,663,9284,2247,80,2598,-50,1222,568,20422,9286,8958,1947,20025.38,8925.08,8985.68,1884.00,18.68,20.44,
1/8/2023,7,morning,winter,175,513,9171,2251,64,2768,-50,1406,701,21009,9597,9187,1991,20928.06,9406.6,9299.6,1981.00,18.68,20.44,
1/8/2023,8,morning,winter,176,451,9419,2248,37,3036,-35,1242,771,21522,9889,9428,1963,21377.66,9771.61,9404.78,1959.00,18.68,20.44,
1/8/2023,9,morning,winter,177,448,9063,2248,37,3040,1274,1170,809,21528,9966,9534,1791,21202.58,9793.32,9411.68,1766.00,18.68,20.44,
1/8/2023,10,day,winter,178,421,8123,2252,38,2725,3848,1171,442,21002,9826,9333,1610,20535.82,9677.9,9101.55,1533.00,18.68,20.44,
1/8/2023,11,day,winter,179,488,7009,2252,39,2456,6725,950,-78,20628,9618,9292,1492,19809.46,9514.6,8744.44,1336.00,18.68,20.44,
1/8/2023,12,day,winter,180,413,7285,2251,39,2404,8131,975,-653,20397,9652,9085,1445,19297.01,9310.39,8560.17,1222.00,18.68,20.44,
1/8/2023,13,day,winter,181,402,7660,2252,39,2291,8709,1148,-1098,20515,10056,8946,1309,19262.7,9338.2,8512.98,1220.00,18.68,20.44,
1/8/2023,14,day,winter,182,401,7106,2252,39,1971,8865,1272,-458,21032,10419,9018,1399,19409.72,9357.41,8563.63,1305.00,18.68,20.44,
1/8/2023,15,day,winter,183,400,7096,2250,39,2008,8348,1394,-195,21685,10539,9284,1665,19814.79,9376.75,8783.23,1472.00,18.68,20.44,
1/8/2023,16,day,winter,184,404,7133,2250,40,2194,7339,1352,244,22434,10583,9684,1964,20831.26,9733.58,9143.11,1765.00,18.68,20.44,
1/8/2023,17,day,winter,185,503,8065,2250,40,2872,4083,1307,977,23822,11125,10283,2206,22648.4,10435.74,9854.55,2154.00,18.68,20.44,
1/8/2023,18,dusk,winter,186,545,10631,2250,40,3602,535,1200,1903,25609,11796,11106,2497,25165.75,11485.83,10959.25,2509.00,18.68,20.44,
1/8/2023,19,dusk,winter,187,675,11529,2251,40,4187,-35,1213,2490,25712,11798,11184,2522,25493.21,11546.01,11180.08,2554.00,18.68,20.44,
1/8/2023,20,dusk,winter,188,786,12382,2252,40,4554,-40,1271,1959,25345,11570,11096,2468,25059.23,11303.96,11017.76,2521.00,18.68,20.44,
1/8/2023,21,night,winter,189,692,12745,2251,41,4661,-43,1263,1599,24647,11154,10868,2411,24384.21,11010.14,10714.27,2442.00,18.68,20.44,
1/8/2023,22,night,winter,190,727,12817,2251,41,4395,-44,1222,875,23581,10554,10513,2304,23684.24,10675.71,10443.66,2358.00,18.68,20.44,
1/8/2023,23,night,winter,191,643,12411,2253,40,4075,-44,1342,661,22309,9964,9969,2166,22489.7,10091.31,9990.35,2206.00,18.68,20.44,
1/8/2023,24,night,winter,192,599,11214,2255,38,3960,-45,1473,511,21121,9510,9352,2057,21260.36,9514.08,9485.98,2058.00,18.68,20.44,
1/9/2023,1,night,winter,193,547,9858,2256,40,3721,-44,1757,478,20894,9517,9156,2019,20251.03,8964.89,9166.68,1909.46,18.68,20.44,
1/9/2023,2,night,winter,194,471,10100,2256,41,2853,-45,2117,354,20833,9664,8983,1982,19563.5,8644.96,8859.62,1852.32,18.68,20.44,
1/9/2023,3,night,winter,195,409,10319,2256,41,2571,-44,2186,105,21006,9586,9243,1977,19241.5,8518.98,8695.49,1811.48,18.68,20.44,
1/9/2023,4,night,winter,196,399,11090,2255,40,2464,-44,1861,-347,21066,9709,9171,1987,19043.83,8485.72,8553.44,1794.90,18.68,20.44,
1/9/2023,5,night,winter,197,399,10994,2254,37,2429,-44,2065,-483,21346,9937,9183,2025,19661.05,8777.08,8818.52,1842.93,18.68,20.44,
1/9/2023,6,night,winter,198,410,11161,2254,42,2431,-45,2366,-148,22353,10229,9807,2116,21198.85,9549.5,9444.97,1974.23,18.68,20.44,
1/9/2023,7,morning,winter,199,467,11521,2254,58,2570,-45,2398,793,24347,11175,10636,2331,23681.6,10806.03,10434.54,2206.09,18.68,20.44,
1/9/2023,8,morning,winter,200,469,13170,2254,67,2782,-25,2468,1489,25998,12029,11290,2465,25438.36,11749.88,11165.67,2281.18,18.68,20.44,
1/9/2023,9,morning,winter,201,476,13729,2253,72,3017,493,2214,1734,26410,12176,11693,2331,25984.66,12048.59,11524.09,2178.39,18.68,20.44,
1/9/2023,10,day,winter,202,557,14019,2254,74,3238,1338,2235,1035,26749,12245,12070,2210,25991.4,12248.32,11577.98,1940.22,18.68,20.44,
1/9/2023,11,day,winter,203,614,13905,2255,77,3508,2186,2182,399,26810,12133,12370,2086,25652.04,12294.36,11417.24,1723.99,18.68,20.44,
1/9/2023,12,day,winter,204,593,13785,2254,77,3556,3086,2140,94,26935,11880,12698,2131,25355.13,12193.49,11342.25,1610.15,18.68,20.44,
1/9/2023,13,day,winter,205,559,14084,2254,78,3306,4146,2225,-693,26081,11407,12463,1988,25299.15,12187,11285.32,1621.57,18.68,20.44,
1/9/2023,14,day,winter,206,456,13330,2254,78,3212,3871,2181,178,25702,11296,12198,1991,25332.22,12152.19,11269.33,1714.44,18.68,20.44,
1/9/2023,15,day,winter,207,407,13659,2252,78,3108,3293,2118,204,25757,11415,12030,2100,25392.93,12048.24,11282.67,1864.77,18.68,20.44,
1/9/2023,16,day,winter,208,446,13920,2252,78,3306,2293,1827,804,26172,11673,11939,2338,25749.84,12049.82,11393,2103.38,18.68,20.44,
1/9/2023,17,day,winter,209,448,15137,2251,78,3553,1512,1541,554,27047,12031,12205,2586,26453.9,12292.67,11560.73,2394.67,18.68,20.44,
1/9/2023,18,dusk,winter,210,452,15438,2251,78,3763,251,1984,1257,27979,12479,12479,2795,28269.21,13065.89,12308.52,2685.04,18.68,20.44,
1/9/2023,19,dusk,winter,211,469,15590,2252,77,4061,-39,2153,1576,27775,12448,12385,2719,28323.35,13080.38,12321.98,2704.75,18.68,20.44,
1/9/2023,20,dusk,winter,212,414,15375,2253,76,3837,-41,2397,1499,27147,12121,12164,2642,27639.8,12686.85,12140.23,2596.87,18.68,20.44,
1/9/2023,21,night,winter,213,465,14832,2253,76,4018,-41,2577,1211,26381,11750,11869,2541,26614.27,12201.89,11747.8,2458.96,18.68,20.44,
1/9/2023,22,night,winter,214,472,14851,2253,76,3824,-41,2477,844,25403,11280,11459,2446,25458.67,11617.64,11297.26,2328.48,18.68,20.44,
1/9/2023,23,night,winter,215,435,14472,2253,74,3779,-42,2664,340,23899,10570,10830,2286,23931.16,10848.83,10720.03,2154.69,18.68,20.44,
1/9/2023,24,night,winter,216,427,13165,2252,75,3546,-43,2909,366,22630,10059,10183,2183,22502.68,10134.41,10158.17,2007.75,18.68,20.44,
1/10/2023,1,night,winter,217,405,11982,2253,75,3253,-42,2869,266,22001,9983,9685,2135,21356.78,9520.46,9661.15,1973.00,19.30,22.90,
1/10/2023,2,night,winter,218,446,11836,2254,76,2785,-43,2788,84,21445,9930,9252,2061,20538.58,9118.32,9303.11,1912.00,19.30,22.90,
1/10/2023,3,night,winter,219,448,10986,2255,78,2738,-43,2792,-174,21105,9698,9161,2038,20065.81,8978.82,9025.24,1860.00,19.30,22.90,
1/10/2023,4,night,winter,220,455,10696,2254,77,2659,-43,3275,-535,20972,9822,9047,1895,19954.67,8928.91,8985.84,1839.00,19.30,22.90,
1/10/2023,5,night,winter,221,459,10063,2254,79,2657,-43,3815,-109,21412,9988,9262,1952,20453.39,9153.32,9227.69,1864.00,19.30,22.90,
1/10/2023,6,night,winter,222,449,10400,2254,76,2702,-43,3845,-29,22511,10274,9953,2068,21637.08,9697.34,9750.78,1976.00,19.30,22.90,
1/10/2023,7,morning,winter,223,464,11579,2254,79,2784,-29,3748,548,24262,10933,10828,2280,23760.63,10678.42,10676.38,2184.00,19.30,22.90,
1/10/2023,8,morning,winter,224,577,12719,2254,78,3246,-19,3438,1152,25820,11653,11518,2430,25316.59,11470.63,11251.06,2359.00,19.30,22.90,
1/10/2023,9,morning,winter,225,717,13025,2254,78,3487,984,3485,961,26617,11826,12107,2467,25947.88,11659.9,11590.69,2468.00,19.30,22.90,
1/10/2023,10,day,winter,226,656,12517,2255,79,3574,3930,3845,230,26812,11791,12282,2519,26334.89,11729.2,11894.17,2489.00,19.30,22.90,
1/10/2023,11,day,winter,227,536,11559,2254,78,3438,6176,3885,-358,26685,11439,12526,2502,26357.91,11732.59,11931.91,2479.00,19.30,22.90,
1/10/2023,12,day,winter,228,460,10698,2254,78,3285,6332,4306,-184,26747,11375,12665,2492,25970.43,11571.93,11723.82,2464.00,19.30,22.90,
1/10/2023,13,day,winter,229,420,10498,2255,79,3203,7501,4161,-515,26775,11567,12478,2508,25805.22,11479.54,11666.08,2453.00,19.30,22.90,
1/10/2023,14,day,winter,230,435,10782,2253,80,3188,8036,4037,-666,26263,11343,12111,2570,25688.54,11332.29,11684.93,2470.00,19.30,22.90,
1/10/2023,15,day,winter,231,439,10853,2252,69,3074,7427,4167,-495,25672,11098,11787,2568,25401.22,11219.75,11527.85,2449.00,19.30,22.90,
1/10/2023,16,day,winter,232,431,10369,2254,33,3560,6469,3861,380,25855,11378,11726,2565,25554.44,11334.6,11572.72,2440.00,19.30,22.90,
1/10/2023,17,day,winter,233,434,11047,2253,-3,3747,3942,3815,619,26884,12176,11881,2656,26652.54,12023.69,11878.08,2538.00,19.30,22.90,
1/10/2023,18,dusk,winter,234,436,12838,2252,4,3958,609,3377,1577,28281,12900,12444,2781,28285.33,12754.93,12557.47,2757.00,19.30,22.90,
1/10/2023,19,dusk,winter,235,489,13879,2251,36,4254,-21,3345,2265,28256,12883,12437,2747,28446.04,12892.88,12594.71,2744.00,19.30,22.90,
1/10/2023,20,dusk,winter,236,640,14401,2249,73,4277,-18,3155,1856,27701,12581,12227,2659,27822.99,12578.03,12397.89,2633.00,19.30,22.90,
1/10/2023,21,night,winter,237,799,15093,2249,79,3916,-20,3055,1520,27018,12244,11979,2565,27007.26,12219.82,12073.63,2495.00,19.30,22.90,
1/10/2023,22,night,winter,238,888,15078,2250,80,3838,-21,3152,956,25916,11685,11545,2462,25975.38,11732.87,11660.63,2368.00,19.30,22.90,
1/10/2023,23,night,winter,239,747,14018,2249,79,3788,-22,3252,628,24518,11073,10942,2282,24430.8,10997.87,11031.46,2184.00,19.30,22.90,
1/10/2023,24,night,winter,240,660,12947,2248,78,3686,-23,2722,671,23493,10711,10414,2148,22926.07,10288.68,10393.58,2036.00,19.30,22.90,
1/11/2023,1,night,winter,241,517,12166,2249,76,3129,-23,2636,366,22594,10394,9889,2090,21567.35,9454.11,9853.98,2052.00,20.31,21.78,
1/11/2023,2,night,winter,242,436,11842,2249,79,2909,-30,2417,445,21997,10096,9655,2029,20787.28,9089.57,9503.69,1982.00,20.31,21.78,
1/11/2023,3,night,winter,243,407,11128,2249,79,2872,-44,2264,414,21894,10133,9556,1984,20367.81,8914.23,9309.98,1922.00,20.31,21.78,
1/11/2023,4,night,winter,244,404,11462,2251,80,2889,-44,2153,-92,21761,10041,9519,1969,20296.71,8901.63,9264.67,1907.00,20.31,21.78,
1/11/2023,5,night,winter,245,404,11722,2252,79,2884,-44,1803,62,22183,10058,9859,2029,20803.08,9130.59,9508.39,1937.00,20.31,21.78,
1/11/2023,6,night,winter,246,406,12271,2253,80,2904,-44,1576,559,23792,10716,10675,2159,22155.33,9716.73,10139.89,2063.00,20.31,21.78,
1/11/2023,7,morning,winter,247,459,13684,2252,80,2976,-45,1413,1172,26131,11792,11696,2394,24392.36,10725.76,11132.14,2288.00,20.31,21.78,
1/11/2023,8,morning,winter,248,475,14588,2254,79,3023,-29,1366,2031,27392,12551,12103,2490,25727.07,11606.55,11444.54,2431.00,20.31,21.78,
1/11/2023,9,morning,winter,249,487,14425,2255,77,3115,1398,1255,1724,27704,12664,12422,2385,25633.59,11972.8,11235.11,2198.00,20.31,21.78,
1/11/2023,10,day,winter,250,441,13319,2255,81,3011,4528,1229,1097,27813,12528,12841,2233,25149.7,12120.5,10906.21,1894.00,20.31,21.78,
1/11/2023,11,day,winter,251,405,12971,2255,81,2807,6937,1274,-33,26886,12166,12362,2153,24670.91,12157.62,10577.77,1718.00,20.31,21.78,
1/11/2023,12,day,winter,252,405,11870,2256,81,3046,7450,1021,-92,26175,12448,11563,1963,24389.32,12150.37,10395.68,1627.00,20.31,21.78,
1/11/2023,13,day,winter,253,400,11591,2256,80,3063,6689,858,-160,25937,12535,11369,1841,24260.05,12062.88,10401.77,1584.00,20.31,21.78,
1/11/2023,14,day,winter,254,404,11523,2255,80,3201,6600,831,-268,25887,12592,11173,1929,24366.42,11945.43,10548.18,1666.00,20.31,21.78,
1/11/2023,15,day,winter,255,396,11438,2255,78,3252,6033,1082,-286,26116,12466,11334,2116,24732.45,11974.73,10736.52,1825.00,20.31,21.78,
1/11/2023,16,day,winter,256,417,12011,2256,78,3301,5023,1243,-263,26657,12564,11555,2334,25436.06,12096.59,11089.14,2043.00,20.31,21.78,
1/11/2023,17,day,winter,257,550,12897,2253,77,3679,3143,1240,238,27901,12947,12046,2697,26698.7,12406.26,11709.43,2368.00,20.31,21.78,
1/11/2023,18,dusk,winter,258,671,14612,2253,76,4172,649,1381,1059,29006,13281,12803,2704,28389.32,12999.62,12480.53,2683.00,20.31,21.78,
1/11/2023,19,dusk,winter,259,623,15169,2254,75,4661,-35,1553,1881,28899,13185,12800,2696,28563.58,13079.73,12537.3,2720.00,20.31,21.78,
1/11/2023,20,dusk,winter,260,632,15330,2253,77,4639,-44,1564,1764,28354,12838,12660,2641,27870.6,12701.7,12281.12,2663.00,20.31,21.78,
1/11/2023,21,night,winter,261,635,15066,2252,77,4735,-48,1565,1164,27614,12369,12477,2551,27014.66,12267.99,11932.62,2586.00,20.31,21.78,
1/11/2023,22,night,winter,262,695,14586,2252,79,4574,-49,1614,1024,26571,11843,12092,2422,25995.94,11760.51,11537.21,2472.00,20.31,21.78,
1/11/2023,23,night,winter,263,687,14643,2253,78,4376,-49,1540,594,24963,11119,11384,2248,24533.8,10995.48,11028.04,2287.00,20.31,21.78,
1/11/2023,24,night,winter,264,647,13627,2252,76,4340,-49,1437,529,23862,10701,10817,2126,22984.38,10264.05,10398.81,2104.00,20.31,21.78,
1/12/2023,1,night,winter,265,642,12306,2253,77,4005,-49,1301,446,23405,10760,10301,2126,21842.34,9692.22,9855.36,2074.00,20.40,19.18,
1/12/2023,2,night,winter,266,704,11795,2253,78,3372,-50,1206,397,22844,10555,10039,2038,21132.07,9391.46,9517.82,2010.00,20.40,19.18,
1/12/2023,3,night,winter,267,614,10880,2252,78,3320,-50,1226,198,22554,10587,9748,2006,20681.3,9199.94,9317.78,1948.00,20.40,19.18,
1/12/2023,4,night,winter,268,490,10877,2252,78,3248,-50,1176,13,22341,10568,9569,1994,20570.47,9156.32,9273.86,1914.00,20.40,19.18,
1/12/2023,5,night,winter,269,510,11469,2252,79,2918,-50,1104,167,22410,10329,9826,2038,21081.69,9385.31,9510.51,1954.00,20.40,19.18,
1/12/2023,6,night,winter,270,507,11895,2252,78,2893,-51,949,656,23398,10451,10559,2161,22481.92,10032.52,10116.32,2098.00,20.40,19.18,
1/12/2023,7,morning,winter,271,520,12358,2251,78,3508,-52,1014,1098,25269,11243,11406,2387,24857.96,11113.38,11154.74,2349.00,20.40,19.18,
1/12/2023,8,morning,winter,272,472,12640,2252,78,3897,-32,1040,2193,26191,11762,11710,2489,25662.99,11695.46,11327.55,2393.00,20.40,19.18,
1/12/2023,9,morning,winter,273,466,12092,2252,78,3839,1985,1022,1557,26057,11510,11884,2449,24774.55,11389.18,11010.14,2141.00,20.40,19.18,
1/12/2023,10,day,winter,274,408,10577,2252,79,3963,5946,991,-64,25864,11358,11903,2391,23869.06,11017.21,10656.13,1970.00,20.40,19.18,
1/12/2023,11,day,winter,275,407,9635,2252,79,3585,8290,870,-783,24657,10382,12010,2075,23079.89,10643.09,10442.6,1773.00,20.40,19.18,
1/12/2023,12,day,winter,276,408,9508,2253,78,3192,9213,880,-1386,23911,10240,11557,1930,22567.28,10424.69,10256.8,1681.00,20.40,19.18,
1/12/2023,13,day,winter,277,411,9562,2253,77,2894,9605,952,-1363,23499,10447,11015,1858,22593.2,10359.21,10277.75,1759.00,20.40,19.18,
1/12/2023,14,day,winter,278,407,9767,2253,77,2727,8755,941,-1020,23271,10456,10716,1922,22980.27,10430.92,10465.44,1878.00,20.40,19.18,
1/12/2023,15,day,winter,279,399,9458,2253,78,2502,7511,819,-222,22986,10173,10640,1994,23499.92,10636.4,10685.64,1982.00,20.40,19.18,
1/12/2023,16,day,winter,280,394,8641,2254,79,3005,6250,706,552,24876,11249,11037,2401,24347.81,11016.51,10990.04,2135.00,20.40,19.18,
1/12/2023,17,day,winter,281,400,10441,2254,79,3587,3406,584,508,25411,11505,11245,2470,25790.52,11780.92,11421.46,2376.00,20.40,19.18,
1/12/2023,18,dusk,winter,282,452,12202,2254,77,4379,695,705,1492,26952,12231,11889,2634,27891.55,12750.83,12277.06,2643.00,20.40,19.18,
1/12/2023,19,dusk,winter,283,468,13100,2254,78,4040,-16,740,2167,27029,12285,11914,2630,28087.37,12869.83,12325.3,2668.00,20.40,19.18,
1/12/2023,20,dusk,winter,284,471,12947,2254,79,4245,-26,764,2087,26454,11982,11720,2551,27474.4,12544.32,12063.75,2641.00,20.40,19.18,
1/12/2023,21,night,winter,285,477,13068,2252,78,4747,-35,745,1692,25774,11582,11532,2458,26645.99,12145.77,11723.03,2554.00,20.40,19.18,
1/12/2023,22,night,winter,286,477,13011,2252,77,4454,-39,696,1053,24906,11125,11224,2357,25657.31,11638.04,11357.19,2444.00,20.40,19.18,
1/12/2023,23,night,winter,287,487,12617,2251,79,4184,-38,625,784,23707,10597,10703,2208,24148.31,10883,10774.82,2276.00,20.40,19.18,
1/12/2023,24,night,winter,288,509,12318,2250,78,3475,-39,744,621,22693,10232,10144,2119,22813.65,10209.31,10279.13,2112.00,20.40,19.18,
1/13/2023,1,night,winter,289,470,11412,2251,78,3124,-39,716,262,21854,10020,9523,2112,22136.13,9865.86,10015.4,2045.00,27.55,26.09,
1/13/2023,2,night,winter,290,498,10616,2251,79,2923,-39,583,179,21285,9860,9175,2050,21417.24,9547.8,9655.32,2013.00,27.55,26.09,
1/13/2023,3,night,winter,291,575,10264,2250,79,2738,-39,542,-14,20793,9675,8947,1969,20921.62,9295.3,9448.3,1974.00,27.55,26.09,
1/13/2023,4,night,winter,292,502,9647,2249,79,2710,-39,472,67,20529,9462,8924,1937,20577,9215.33,9219.4,1944.00,27.55,26.09,
1/13/2023,5,night,winter,293,394,8805,2249,79,2711,-40,473,478,21107,9664,9228,2003,20931.17,9368.15,9374.65,1984.00,27.55,26.09,
1/13/2023,6,night,winter,294,437,9254,2250,79,2768,-40,492,661,22452,10140,9963,2131,22071.21,9910.7,9858.97,2088.00,27.55,26.09,
1/13/2023,7,morning,winter,295,520,10040,2249,79,3044,-40,487,1268,24516,10925,11021,2346,24380.92,10888.87,10961.21,2305.00,27.55,26.09,
1/13/2023,8,morning,winter,296,581,10268,2248,79,3735,-20,650,2007,25724,11644,11441,2414,26024.69,11772.75,11553.13,2460.00,27.55,26.09,
1/13/2023,9,morning,winter,297,598,10671,2248,78,3863,1091,745,1705,25779,11920,11404,2239,25997.34,11865.59,11599.13,2302.00,27.55,26.09,
1/13/2023,10,day,winter,298,601,10250,2248,80,3363,3790,780,565,25669,12154,11211,2100,25432.21,11843.15,11361.66,2021.00,27.55,26.09,
1/13/2023,11,day,winter,299,531,9543,2245,79,3270,6256,704,97,25692,12378,11051,2071,25006.62,11804.18,11131.1,1873.00,27.55,26.09,
1/13/2023,12,day,winter,300,482,10026,2245,79,3207,7579,586,-563,25739,12575,10870,2108,24542.91,11734.41,10807.65,1803.00,27.55,26.09,
1/13/2023,13,day,winter,301,552,10445,2246,79,2919,6978,668,-929,25574,12415,10945,2030,24466.31,11754.37,10685.64,1838.00,27.55,26.09,
1/13/2023,14,day,winter,302,590,10866,2246,79,2827,7043,684,-1216,24760,12076,10648,1853,24503.13,11739.02,10671.82,1911.00,27.55,26.09,
1/13/2023,15,day,winter,303,592,10503,2246,79,2889,6234,719,-483,24427,11783,10453,2007,24639.29,11689.32,10772.72,1986.00,27.55,26.09,
1/13/2023,16,day,winter,304,603,10488,2246,79,2938,4971,689,160,24605,11730,10497,2190,25182.09,11805.59,11079.77,2105.00,27.55,26.09,
1/13/2023,17,day,winter,305,605,10851,2246,78,3185,2981,576,579,25644,12075,10979,2397,26267.39,12137.15,11600.02,2333.00,27.55,26.09,
1/13/2023,18,dusk,winter,306,610,11625,2247,78,3776,629,709,1769,27081,12616,11678,2589,28128.36,12834.45,12474.76,2613.00,27.55,26.09,
1/13/2023,19,dusk,winter,307,609,11919,2245,78,4007,-25,812,2585,26797,12399,11612,2587,28186.57,12836.67,12516.47,2626.00,27.55,26.09,
1/13/2023,20,dusk,winter,308,609,11682,2245,78,3973,-33,747,2254,26246,12035,11482,2529,27467.9,12448.52,12259.56,2558.00,27.55,26.09,
1/13/2023,21,night,winter,309,606,11508,2245,78,4168,-38,848,1800,25559,11611,11266,2482,26632.07,11992.83,11945.35,2490.00,27.55,26.09,
1/13/2023,22,night,winter,310,524,11223,2247,79,3885,-41,858,1474,24781,11148,11018,2417,25809.79,11534.46,11648.46,2423.00,27.55,26.09,
1/13/2023,23,night,winter,311,491,11504,2246,79,3844,-41,849,1016,23391,10438,10509,2249,24485.19,10897.37,11102.85,2285.00,27.55,26.09,
1/13/2023,24,night,winter,312,566,11732,2247,79,3765,-41,1010,658,22106,9945,9836,2132,23178.92,10294.67,10544.83,2133.00,27.55,26.09,
1/14/2023,1,night,winter,313,576,9842,2248,79,3471,-41,970,700,21534,9840,9381,2121,21143.14,9402.09,9549.42,1998.80,17.72,21.84,
1/14/2023,2,night,winter,314,532,10253,2249,79,3114,-41,1040,559,20914,9647,9036,2039,20303.39,9033.3,9152.03,1925.94,17.72,21.84,
1/14/2023,3,night,winter,315,601,9287,2248,80,2926,-41,1221,432,20405,9464,8791,1958,19740.1,8794.6,8888.11,1862.76,17.72,21.84,
1/14/2023,4,night,winter,316,589,9098,2248,79,2870,-42,1411,224,20181,9380,8682,1927,19450.02,8695.2,8728.58,1829.68,17.72,21.84,
1/14/2023,5,night,winter,317,447,8723,2249,79,2818,-42,1357,117,20249,9414,8717,1924,19533.52,8731.31,8764.63,1836.91,17.72,21.84,
1/14/2023,6,night,winter,318,454,8748,2249,79,2915,-42,1316,305,20816,9585,9068,1966,20063.96,9000.12,8974.94,1882.74,17.72,21.84,
1/14/2023,7,morning,winter,319,575,8992,2249,79,3083,-42,1577,353,21689,9940,9507,2040,21050.04,9497.95,9359.78,1980.46,17.72,21.84,
1/14/2023,8,morning,winter,320,617,9578,2248,79,3037,-39,1819,475,22228,10372,9559,2093,21934.31,10000.62,9660.5,2060.12,17.72,21.84,
1/14/2023,9,morning,winter,321,617,9974,2248,79,3168,321,1690,541,23148,10873,9936,2137,22874.01,10418.51,10113.66,2135.41,17.72,21.84,
1/14/2023,10,day,winter,322,615,10420,2248,78,3012,1016,1493,964,23941,11211,10413,2118,23271.08,10645.66,10239.77,2189.34,17.72,21.84,
1/14/2023,11,day,winter,323,609,10758,2248,78,3058,1616,1511,1114,24310,11206,10668,2240,23316.19,10690.62,10235.49,2204.46,17.72,21.84,
1/14/2023,12,day,winter,324,579,10877,2247,78,2839,2153,1501,744,24286,10930,10845,2315,23126.61,10560.96,10187.62,2199.98,17.72,21.84,
1/14/2023,13,day,winter,325,549,10388,2249,78,2710,2351,1770,622,24400,10848,10963,2395,22863.99,10487.05,10015.86,2188.20,17.72,21.84,
1/14/2023,14,day,winter,326,503,10328,2249,78,2737,1876,2280,871,24773,10987,11105,2484,22648.3,10304.42,9999.81,2174.04,17.72,21.84,
1/14/2023,15,day,winter,327,524,10474,2249,78,2736,1818,2457,745,24901,10966,11170,2566,22447.44,10181.36,9938.9,2157.41,17.72,21.84,
1/14/2023,16,day,winter,328,493,11018,2250,77,2763,1280,2519,497,25169,11045,11275,2646,22662.93,10313.55,10012.12,2165.64,17.72,21.84,
1/14/2023,17,day,winter,329,469,11775,2251,77,3288,706,2215,255,25703,11563,11298,2635,23617.8,10846.46,10327.92,2264.33,17.72,21.84,
1/14/2023,18,dusk,winter,330,441,12934,2252,78,3791,145,1988,760,26548,11963,11681,2695,25515.92,11706.69,11137.36,2484.33,17.72,21.84,
1/14/2023,19,dusk,winter,331,463,13586,2252,78,4109,-45,2173,1035,26209,11711,11646,2645,25756.36,11821.27,11230.64,2515.35,17.72,21.84,
1/14/2023,20,dusk,winter,332,448,13022,2251,77,4029,-42,2461,612,25916,11659,11488,2565,25120.93,11520.41,10980.07,2430.86,17.72,21.84,
1/14/2023,21,night,winter,333,446,12720,2251,79,4044,-42,2412,850,25188,11372,11138,2477,24342.69,11161.08,10664.25,2327.56,17.72,21.84,
1/14/2023,22,night,winter,334,430,12696,2252,79,3781,-42,2473,621,24288,10947,10760,2384,23637.12,10769.69,10429.37,2249.38,17.72,21.84,
1/14/2023,23,night,winter,335,453,12148,2251,79,3892,-42,2553,502,23193,10440,10272,2288,22583.85,10204.05,10067.65,2125.19,17.72,21.84,
1/14/2023,24,night,winter,336,421,11491,2252,80,3763,-42,2740,381,21966,9936,9638,2202,21456.97,9656.71,9607.17,2007.30,17.72,21.84,
